{
  "total cov": [
    1,
    2,
    5,
    8,
    11,
    14,
    16,
    22,
    23,
    24,
    25,
    28,
    30,
    32,
    33,
    34,
    35,
    36,
    37,
    38,
    39,
    40,
    169,
    170,
    174,
    302,
    179,
    314,
    315,
    318,
    319,
    195,
    196,
    197,
    585,
    330,
    586,
    206,
    210,
    212,
    213,
    215,
    216,
    348,
    349,
    350,
    352,
    353,
    355
  ],
  "has_covered_goal": false,
  "rewards": [
    0.07611006273531822
  ],
  "max_reward": 0.07611006273531822
}