{
  "total cov": [
    128,
    1,
    2,
    5,
    8,
    11,
    14,
    16,
    22,
    23,
    24,
    25,
    28,
    30,
    32,
    33,
    34,
    35,
    169,
    170,
    43,
    45,
    47,
    175,
    49,
    50,
    51,
    176,
    181,
    54,
    55,
    184,
    185,
    186,
    63,
    64,
    191,
    319,
    67,
    195,
    69,
    71,
    584,
    330,
    586,
    340,
    341,
    342,
    343,
    108,
    110,
    113,
    116,
    122,
    124,
    127
  ],
  "has_covered_goal": false,
  "rewards": [
    0.05602811322675593
  ],
  "max_reward": 0.05602811322675593
}