{
  "total cov": [
    1,
    2,
    5,
    8,
    11,
    14,
    16,
    22,
    23,
    24,
    25,
    28,
    30,
    32,
    34,
    35,
    37,
    38,
    39,
    40,
    169,
    170,
    302,
    175,
    176,
    52,
    53,
    181,
    184,
    185,
    186,
    314,
    315,
    318,
    191,
    319,
    195,
    196,
    197,
    584,
    330,
    586,
    206,
    210,
    212,
    213,
    340,
    215,
    216,
    341,
    342,
    343,
    348,
    349,
    350,
    352,
    353,
    355
  ],
  "has_covered_goal": false,
  "rewards": [
    0.0961920122438805
  ],
  "max_reward": 0.0961920122438805
}