{
  "total cov": [
    1,
    2,
    5,
    8,
    11,
    14,
    16,
    22,
    23,
    24,
    25,
    28,
    30,
    32,
    33,
    34,
    35,
    37,
    38,
    39,
    40,
    43,
    44,
    45,
    46,
    48,
    50,
    51,
    54,
    55,
    314,
    315,
    62,
    318,
    64,
    319,
    320,
    67,
    69,
    70,
    71,
    584,
    325,
    586,
    330,
    339,
    84,
    340,
    341,
    342,
    343,
    348,
    349,
    350,
    352,
    353,
    355,
    108,
    110,
    111,
    113,
    114,
    116,
    120,
    122,
    124,
    127,
    128,
    169,
    170,
    175,
    176,
    181,
    184,
    185,
    186,
    191,
    195,
    196,
    197,
    206,
    210,
    212,
    213,
    215,
    216
  ],
  "has_covered_goal": false,
  "rewards": [
    0.10065466769022768
  ],
  "max_reward": 0.10065466769022768
}