{
  "total cov": [
    1,
    2,
    5,
    8,
    11,
    14,
    16,
    22,
    23,
    24,
    25,
    28,
    30,
    32,
    34,
    35,
    167,
    168,
    169,
    170,
    43,
    45,
    47,
    175,
    49,
    50,
    51,
    176,
    181,
    54,
    55,
    184,
    185,
    186,
    63,
    64,
    191,
    319,
    67,
    195,
    69,
    71,
    584,
    330,
    331,
    586,
    340,
    341,
    342,
    343,
    108,
    110,
    111,
    113,
    114,
    116,
    117,
    122,
    124,
    126
  ],
  "has_covered_goal": false,
  "rewards": [
    0.0604907686731031
  ],
  "max_reward": 0.0604907686731031
}