{
  "total cov": [
    1,
    2,
    5,
    8,
    11,
    14,
    16,
    22,
    23,
    24,
    25,
    28,
    30,
    32,
    33,
    34,
    35,
    37,
    38,
    39,
    40,
    43,
    45,
    46,
    48,
    50,
    51,
    54,
    55,
    314,
    315,
    62,
    574,
    64,
    575,
    576,
    67,
    578,
    69,
    579,
    71,
    580,
    73,
    585,
    586,
    76,
    318,
    319,
    320,
    330,
    83,
    84,
    348,
    349,
    350,
    352,
    353,
    355,
    325,
    108,
    110,
    111,
    113,
    114,
    115,
    116,
    118,
    119,
    122,
    378,
    124,
    126,
    382,
    383,
    129,
    130,
    386,
    390,
    135,
    136,
    391,
    138,
    142,
    143,
    403,
    410,
    160,
    161,
    166,
    424,
    169,
    170,
    426,
    427,
    174,
    430,
    431,
    179,
    443,
    446,
    195,
    196,
    197,
    206,
    210,
    212,
    213,
    215,
    216
  ],
  "has_covered_goal": false,
  "rewards": [
    0.12523984224010792
  ],
  "max_reward": 0.12523984224010792
}