{
  "total cov": [
    1,
    2,
    129,
    130,
    5,
    382,
    135,
    8,
    136,
    138,
    11,
    387,
    14,
    142,
    16,
    143,
    22,
    23,
    24,
    25,
    386,
    28,
    30,
    32,
    33,
    34,
    35,
    160,
    161,
    166,
    423,
    169,
    170,
    174,
    431,
    179,
    443,
    446,
    319,
    574,
    575,
    195,
    579,
    580,
    585,
    330,
    586,
    108,
    109,
    110,
    111,
    114,
    115,
    118,
    378,
    126,
    383
  ],
  "has_covered_goal": false,
  "rewards": [
    0.06499399371442105
  ],
  "max_reward": 0.06499399371442105
}