{
  "total cov": [
    1,
    2,
    5,
    8,
    11,
    14,
    16,
    22,
    23,
    24,
    25,
    28,
    30,
    32,
    33,
    34,
    35,
    37,
    38,
    39,
    40,
    169,
    170,
    43,
    45,
    174,
    47,
    49,
    50,
    51,
    179,
    54,
    55,
    314,
    315,
    318,
    63,
    64,
    319,
    67,
    195,
    69,
    196,
    71,
    197,
    585,
    330,
    586,
    206,
    210,
    212,
    213,
    215,
    216,
    348,
    349,
    350,
    352,
    353,
    355
  ],
  "has_covered_goal": false,
  "rewards": [
    0.07387873501214463
  ],
  "max_reward": 0.07387873501214463
}