{
  "total cov": [
    1,
    2,
    5,
    8,
    11,
    14,
    16,
    22,
    23,
    24,
    25,
    28,
    30,
    32,
    33,
    34,
    35,
    574,
    319,
    575,
    576,
    578,
    579,
    580,
    585,
    330,
    586,
    108,
    109,
    110,
    111,
    114,
    115,
    118,
    119,
    378,
    382,
    126,
    383,
    129,
    130,
    386,
    390,
    135,
    136,
    391,
    138,
    142,
    143,
    403,
    410,
    160,
    161,
    166,
    424,
    169,
    170,
    426,
    427,
    174,
    430,
    431,
    179,
    443,
    446,
    195
  ],
  "has_covered_goal": false,
  "rewards": [
    0.08284461549980976
  ],
  "max_reward": 0.08284461549980976
}