{
  "total cov": [
    1,
    2,
    5,
    8,
    11,
    14,
    16,
    22,
    23,
    24,
    25,
    28,
    30,
    32,
    33,
    34,
    35,
    43,
    45,
    47,
    49,
    50,
    51,
    54,
    55,
    574,
    63,
    64,
    575,
    319,
    67,
    579,
    69,
    580,
    71,
    584,
    586,
    330,
    339,
    340,
    341,
    342,
    343,
    108,
    110,
    111,
    113,
    115,
    116,
    122,
    378,
    124,
    379,
    126,
    127,
    128,
    129,
    383,
    131,
    386,
    387,
    136,
    138,
    142,
    143,
    160,
    161,
    166,
    423,
    169,
    170,
    175,
    176,
    431,
    181,
    184,
    185,
    186,
    443,
    446,
    191,
    195
  ],
  "has_covered_goal": false,
  "rewards": [
    0.08730727094615692
  ],
  "max_reward": 0.08730727094615692
}