{
  "total cov": [
    1,
    3,
    22,
    28,
    30,
    32,
    34,
    35,
    37,
    38,
    39,
    40,
    43,
    44,
    45,
    46,
    47,
    48,
    49,
    50,
    51,
    54,
    55,
    314,
    315,
    62,
    63,
    64,
    574,
    575,
    579,
    580,
    318,
    70,
    71,
    319,
    73,
    325,
    320,
    76,
    330,
    83,
    84,
    348,
    349,
    350,
    352,
    353,
    355,
    108,
    110,
    111,
    114,
    115,
    116,
    118,
    122,
    378,
    124,
    126,
    382,
    383,
    129,
    130,
    386,
    389,
    135,
    136,
    138,
    142,
    143,
    403,
    410,
    160,
    161,
    166,
    423,
    169,
    431,
    443,
    446,
    196,
    197,
    206,
    210,
    212,
    213,
    215,
    216
  ],
  "has_covered_goal": false,
  "rewards": [
    0.08718556216124461
  ],
  "max_reward": 0.08718556216124461
}