{
  "total cov": [
    1,
    2,
    5,
    8,
    11,
    14,
    16,
    22,
    23,
    24,
    25,
    28,
    30,
    32,
    33,
    34,
    35,
    36,
    37,
    38,
    39,
    40,
    43,
    44,
    45,
    46,
    47,
    48,
    49,
    50,
    51,
    54,
    55,
    314,
    315,
    62,
    63,
    64,
    574,
    575,
    67,
    68,
    69,
    70,
    71,
    579,
    73,
    580,
    75,
    584,
    586,
    318,
    320,
    330,
    83,
    84,
    339,
    340,
    341,
    342,
    343,
    319,
    348,
    349,
    350,
    352,
    353,
    355,
    325,
    108,
    110,
    111,
    113,
    114,
    115,
    116,
    120,
    122,
    378,
    124,
    379,
    126,
    127,
    128,
    129,
    383,
    131,
    386,
    389,
    136,
    138,
    142,
    143,
    403,
    410,
    160,
    161,
    166,
    423,
    169,
    170,
    175,
    176,
    431,
    181,
    184,
    185,
    186,
    443,
    446,
    191,
    195,
    196,
    197,
    206,
    210,
    212,
    213,
    215,
    216
  ],
  "has_covered_goal": false,
  "rewards": [
    0.13416515313280228
  ],
  "max_reward": 0.13416515313280228
}