{
  "total cov": [
    1,
    2,
    5,
    8,
    11,
    14,
    16,
    22,
    23,
    24,
    25,
    28,
    30,
    32,
    33,
    34,
    35,
    574,
    575,
    319,
    577,
    578,
    579,
    580,
    584,
    586,
    330,
    340,
    341,
    342,
    343,
    108,
    110,
    111,
    112,
    113,
    114,
    115,
    116,
    118,
    122,
    378,
    124,
    126,
    127,
    128,
    129,
    130,
    382,
    383,
    386,
    387,
    135,
    136,
    138,
    142,
    143,
    160,
    161,
    166,
    424,
    169,
    170,
    425,
    175,
    176,
    432,
    435,
    181,
    437,
    438,
    184,
    185,
    186,
    439,
    442,
    443,
    446,
    191,
    195
  ],
  "has_covered_goal": false,
  "rewards": [
    0.10292656500837204
  ],
  "max_reward": 0.10292656500837204
}