{
  "total cov": [
    1,
    2,
    5,
    8,
    11,
    14,
    16,
    22,
    23,
    24,
    25,
    28,
    30,
    543,
    32,
    33,
    34,
    35,
    37,
    38,
    39,
    40,
    43,
    44,
    45,
    46,
    47,
    48,
    49,
    50,
    51,
    54,
    55,
    314,
    315,
    62,
    63,
    64,
    574,
    575,
    67,
    579,
    69,
    70,
    71,
    580,
    73,
    585,
    586,
    76,
    318,
    319,
    320,
    330,
    83,
    84,
    348,
    349,
    350,
    352,
    353,
    355,
    325,
    108,
    110,
    111,
    112,
    114,
    115,
    116,
    120,
    122,
    378,
    124,
    379,
    126,
    383,
    129,
    386,
    131,
    132,
    387,
    136,
    137,
    138,
    139,
    141,
    142,
    143,
    144,
    160,
    161,
    162,
    166,
    423,
    169,
    170,
    174,
    431,
    179,
    443,
    446,
    195,
    196,
    197,
    206,
    210,
    212,
    213,
    215,
    216
  ],
  "has_covered_goal": false,
  "rewards": [
    0.10962054817789281
  ],
  "max_reward": 0.10962054817789281
}