{
  "total cov": [
    1,
    2,
    5,
    8,
    11,
    14,
    16,
    22,
    23,
    24,
    25,
    28,
    30,
    32,
    34,
    35,
    167,
    168,
    41,
    42,
    43,
    169,
    45,
    46,
    170,
    48,
    175,
    50,
    51,
    176,
    181,
    54,
    55,
    184,
    185,
    186,
    62,
    191,
    64,
    319,
    67,
    195,
    69,
    71,
    584,
    330,
    331,
    586,
    339,
    340,
    341,
    342,
    343,
    108,
    109,
    110,
    112,
    126
  ],
  "has_covered_goal": false,
  "rewards": [
    0.0627220963962767
  ],
  "max_reward": 0.0627220963962767
}