{
  "total cov": [
    1,
    2,
    5,
    8,
    11,
    14,
    16,
    22,
    23,
    24,
    25,
    28,
    30,
    32,
    33,
    34,
    35,
    574,
    319,
    575,
    579,
    580,
    584,
    330,
    586,
    339,
    340,
    341,
    342,
    343,
    108,
    110,
    111,
    113,
    114,
    115,
    116,
    118,
    120,
    378,
    122,
    124,
    382,
    383,
    128,
    129,
    130,
    386,
    387,
    126,
    127,
    135,
    136,
    138,
    142,
    143,
    160,
    161,
    166,
    423,
    169,
    170,
    175,
    176,
    431,
    181,
    184,
    185,
    186,
    443,
    446,
    191,
    195
  ],
  "has_covered_goal": false,
  "rewards": [
    0.08730727094615692
  ],
  "max_reward": 0.08730727094615692
}