{
  "total cov": [
    1,
    2,
    5,
    8,
    11,
    14,
    16,
    22,
    23,
    24,
    25,
    28,
    30,
    32,
    34,
    35,
    37,
    38,
    39,
    40,
    302,
    314,
    315,
    318,
    319,
    584,
    330,
    331,
    586,
    339,
    340,
    341,
    342,
    343,
    348,
    349,
    350,
    352,
    353,
    355,
    108,
    109,
    110,
    111,
    112,
    114,
    116,
    120,
    121,
    124,
    126,
    127,
    128,
    167,
    168,
    169,
    170,
    175,
    176,
    181,
    184,
    185,
    186,
    191,
    195,
    196,
    197,
    206,
    210,
    212,
    213,
    215,
    216
  ],
  "has_covered_goal": false,
  "rewards": [
    0.10288599541340128
  ],
  "max_reward": 0.10288599541340128
}