{
  "total cov": [
    1,
    2,
    5,
    8,
    11,
    14,
    16,
    22,
    23,
    24,
    25,
    28,
    30,
    32,
    33,
    34,
    35,
    36,
    37,
    38,
    39,
    40,
    43,
    44,
    45,
    46,
    48,
    50,
    51,
    54,
    55,
    314,
    315,
    62,
    318,
    64,
    319,
    320,
    67,
    69,
    70,
    71,
    325,
    73,
    330,
    585,
    76,
    586,
    83,
    84,
    348,
    349,
    350,
    352,
    353,
    355,
    169,
    170,
    174,
    179,
    195,
    196,
    197,
    206,
    210,
    212,
    213,
    215,
    216
  ],
  "has_covered_goal": false,
  "rewards": [
    0.07834139045849181
  ],
  "max_reward": 0.07834139045849181
}