{
  "total cov": [
    1,
    2,
    5,
    8,
    11,
    14,
    16,
    22,
    23,
    24,
    25,
    28,
    30,
    32,
    33,
    34,
    35,
    574,
    319,
    575,
    577,
    578,
    579,
    580,
    585,
    330,
    586,
    108,
    109,
    110,
    111,
    112,
    114,
    115,
    118,
    378,
    379,
    126,
    383,
    129,
    386,
    131,
    390,
    391,
    136,
    138,
    142,
    143,
    403,
    410,
    160,
    161,
    166,
    424,
    169,
    170,
    425,
    174,
    432,
    179,
    435,
    437,
    438,
    439,
    442,
    443,
    446,
    195
  ],
  "has_covered_goal": false,
  "rewards": [
    0.08953859866933053
  ],
  "max_reward": 0.08953859866933053
}