{
  "total cov": [
    1,
    2,
    5,
    8,
    11,
    14,
    16,
    22,
    23,
    24,
    25,
    28,
    30,
    32,
    34,
    35,
    36,
    37,
    38,
    39,
    40,
    43,
    44,
    45,
    46,
    47,
    48,
    49,
    50,
    51,
    54,
    55,
    62,
    63,
    64,
    574,
    575,
    67,
    576,
    69,
    70,
    71,
    578,
    73,
    579,
    580,
    76,
    584,
    586,
    83,
    84,
    108,
    109,
    110,
    111,
    113,
    114,
    115,
    116,
    118,
    119,
    121,
    122,
    124,
    126,
    127,
    128,
    129,
    130,
    135,
    136,
    138,
    142,
    143,
    160,
    161,
    166,
    167,
    168,
    169,
    170,
    175,
    176,
    181,
    184,
    185,
    186,
    191,
    195,
    196,
    197,
    206,
    210,
    212,
    213,
    215,
    216,
    314,
    315,
    318,
    319,
    320,
    325,
    330,
    331,
    339,
    340,
    341,
    342,
    343,
    348,
    349,
    350,
    352,
    353,
    355,
    378,
    382,
    383,
    386,
    387,
    390,
    391,
    403,
    410,
    423,
    424,
    426,
    427,
    430,
    431,
    443,
    446
  ],
  "has_covered_goal": false,
  "rewards": [
    0.15647843036453815
  ],
  "max_reward": 0.15647843036453815
}