{
  "total cov": [
    1,
    2,
    5,
    8,
    11,
    14,
    16,
    22,
    23,
    24,
    25,
    28,
    30,
    32,
    34,
    35,
    37,
    38,
    39,
    40,
    43,
    45,
    46,
    48,
    50,
    51,
    54,
    55,
    314,
    315,
    62,
    574,
    64,
    575,
    318,
    67,
    579,
    69,
    580,
    71,
    584,
    73,
    586,
    319,
    76,
    320,
    325,
    330,
    331,
    83,
    84,
    340,
    341,
    342,
    343,
    348,
    349,
    350,
    352,
    353,
    355,
    108,
    109,
    110,
    111,
    114,
    115,
    116,
    118,
    120,
    121,
    378,
    124,
    126,
    382,
    383,
    129,
    130,
    386,
    387,
    135,
    136,
    138,
    142,
    143,
    160,
    161,
    166,
    167,
    168,
    169,
    170,
    423,
    175,
    176,
    431,
    181,
    184,
    185,
    186,
    443,
    446,
    191,
    195,
    196,
    197,
    206,
    210,
    212,
    213,
    215,
    216
  ],
  "has_covered_goal": false,
  "rewards": [
    0.1319338254096287
  ],
  "max_reward": 0.1319338254096287
}