{
  "total cov": [
    1,
    2,
    5,
    8,
    11,
    14,
    16,
    22,
    23,
    24,
    25,
    28,
    30,
    32,
    33,
    34,
    35,
    43,
    45,
    47,
    49,
    50,
    51,
    54,
    55,
    574,
    63,
    64,
    319,
    575,
    67,
    579,
    69,
    580,
    71,
    585,
    330,
    586,
    108,
    110,
    111,
    114,
    115,
    116,
    118,
    378,
    122,
    124,
    382,
    126,
    383,
    129,
    130,
    386,
    389,
    135,
    136,
    138,
    142,
    143,
    403,
    410,
    160,
    161,
    166,
    423,
    169,
    170,
    174,
    431,
    179,
    443,
    446,
    195
  ],
  "has_covered_goal": false,
  "rewards": [
    0.06945664916076824
  ],
  "max_reward": 0.06945664916076824
}