{
  "total cov": [
    1,
    2,
    5,
    8,
    11,
    14,
    16,
    22,
    23,
    24,
    25,
    28,
    30,
    32,
    544,
    34,
    35,
    546,
    37,
    38,
    39,
    40,
    548,
    43,
    44,
    45,
    46,
    47,
    48,
    49,
    50,
    51,
    302,
    54,
    55,
    314,
    315,
    62,
    63,
    64,
    318,
    319,
    67,
    320,
    69,
    70,
    71,
    584,
    73,
    586,
    325,
    76,
    330,
    331,
    83,
    84,
    339,
    340,
    341,
    342,
    343,
    348,
    349,
    350,
    352,
    353,
    355,
    108,
    109,
    110,
    111,
    112,
    113,
    116,
    121,
    122,
    124,
    126,
    127,
    128,
    129,
    132,
    137,
    139,
    141,
    144,
    162,
    166,
    167,
    168,
    169,
    170,
    175,
    176,
    181,
    184,
    185,
    186,
    191,
    195,
    196,
    197,
    206,
    210,
    212,
    213,
    215,
    216
  ],
  "has_covered_goal": false,
  "rewards": [
    0.11408320362423999
  ],
  "max_reward": 0.11408320362423999
}