{
  "total cov": [
    128,
    1,
    2,
    129,
    132,
    5,
    8,
    137,
    11,
    139,
    141,
    14,
    16,
    144,
    22,
    23,
    24,
    25,
    28,
    30,
    543,
    32,
    33,
    34,
    35,
    162,
    166,
    169,
    170,
    175,
    176,
    181,
    184,
    185,
    186,
    191,
    319,
    195,
    584,
    330,
    586,
    340,
    341,
    342,
    343,
    108,
    110,
    112,
    113,
    116,
    122,
    124,
    126,
    127
  ],
  "has_covered_goal": false,
  "rewards": [
    0.058300010544900284
  ],
  "max_reward": 0.058300010544900284
}