{
  "total cov": [
    1,
    2,
    5,
    8,
    11,
    14,
    16,
    22,
    23,
    24,
    25,
    28,
    30,
    32,
    33,
    34,
    35,
    169,
    170,
    43,
    44,
    45,
    46,
    47,
    48,
    49,
    50,
    51,
    174,
    179,
    54,
    55,
    62,
    63,
    64,
    319,
    67,
    68,
    69,
    195,
    71,
    585,
    330,
    586
  ],
  "has_covered_goal": false,
  "rewards": [
    0.035946163718193626
  ],
  "max_reward": 0.035946163718193626
}